grupo,nome,arquivo,tamanho,formato
01_kpi_metricas,pipeline_total,01_kpi_metricas/pipeline_total.png,128x128,PNG RGBA
01_kpi_metricas,pipeline_ponderado,01_kpi_metricas/pipeline_ponderado.png,128x128,PNG RGBA
01_kpi_metricas,receita_fechada,01_kpi_metricas/receita_fechada.png,128x128,PNG RGBA
01_kpi_metricas,taxa_conversao,01_kpi_metricas/taxa_conversao.png,128x128,PNG RGBA
01_kpi_metricas,ticket_medio,01_kpi_metricas/ticket_medio.png,128x128,PNG RGBA
01_kpi_metricas,ciclo_venda,01_kpi_metricas/ciclo_venda.png,128x128,PNG RGBA
01_kpi_metricas,perdidos_periodo,01_kpi_metricas/perdidos_periodo.png,128x128,PNG RGBA
01_kpi_metricas,insight_mes,01_kpi_metricas/insight_mes.png,128x128,PNG RGBA
02_tipos_graficos,grafico_barras,02_tipos_graficos/grafico_barras.png,128x128,PNG RGBA
02_tipos_graficos,grafico_linhas,02_tipos_graficos/grafico_linhas.png,128x128,PNG RGBA
02_tipos_graficos,grafico_pizza,02_tipos_graficos/grafico_pizza.png,128x128,PNG RGBA
02_tipos_graficos,funil,02_tipos_graficos/funil.png,128x128,PNG RGBA
02_tipos_graficos,area,02_tipos_graficos/area.png,128x128,PNG RGBA
02_tipos_graficos,tabela,02_tipos_graficos/tabela.png,128x128,PNG RGBA
02_tipos_graficos,comparativo,02_tipos_graficos/comparativo.png,128x128,PNG RGBA
02_tipos_graficos,heatmap,02_tipos_graficos/heatmap.png,128x128,PNG RGBA
03_acoes_controles,exportar_csv,03_acoes_controles/exportar_csv.png,128x128,PNG RGBA
03_acoes_controles,atualizar,03_acoes_controles/atualizar.png,128x128,PNG RGBA
03_acoes_controles,selecionar_periodo,03_acoes_controles/selecionar_periodo.png,128x128,PNG RGBA
03_acoes_controles,filtros,03_acoes_controles/filtros.png,128x128,PNG RGBA
03_acoes_controles,buscar,03_acoes_controles/buscar.png,128x128,PNG RGBA
03_acoes_controles,visualizar,03_acoes_controles/visualizar.png,128x128,PNG RGBA
03_acoes_controles,configurar,03_acoes_controles/configurar.png,128x128,PNG RGBA
03_acoes_controles,compartilhar,03_acoes_controles/compartilhar.png,128x128,PNG RGBA
03_acoes_controles,mais_opcoes,03_acoes_controles/mais_opcoes.png,128x128,PNG RGBA
04_entidades_segmentos,usuarios,04_entidades_segmentos/usuarios.png,128x128,PNG RGBA
04_entidades_segmentos,equipe,04_entidades_segmentos/equipe.png,128x128,PNG RGBA
04_entidades_segmentos,empresas,04_entidades_segmentos/empresas.png,128x128,PNG RGBA
04_entidades_segmentos,vendedores,04_entidades_segmentos/vendedores.png,128x128,PNG RGBA
04_entidades_segmentos,leads,04_entidades_segmentos/leads.png,128x128,PNG RGBA
04_entidades_segmentos,oportunidades,04_entidades_segmentos/oportunidades.png,128x128,PNG RGBA
04_entidades_segmentos,campanhas,04_entidades_segmentos/campanhas.png,128x128,PNG RGBA
04_entidades_segmentos,email,04_entidades_segmentos/email.png,128x128,PNG RGBA
05_status_indicadores,crescimento,05_status_indicadores/crescimento.png,128x128,PNG RGBA
05_status_indicadores,queda,05_status_indicadores/queda.png,128x128,PNG RGBA
05_status_indicadores,estavel,05_status_indicadores/estavel.png,128x128,PNG RGBA
05_status_indicadores,sucesso,05_status_indicadores/sucesso.png,128x128,PNG RGBA
05_status_indicadores,atencao,05_status_indicadores/atencao.png,128x128,PNG RGBA
05_status_indicadores,erro,05_status_indicadores/erro.png,128x128,PNG RGBA
05_status_indicadores,informacao,05_status_indicadores/informacao.png,128x128,PNG RGBA
05_status_indicadores,pendente,05_status_indicadores/pendente.png,128x128,PNG RGBA
05_status_indicadores,processando,05_status_indicadores/processando.png,128x128,PNG RGBA
06_rankings_conquistas,primeiro_lugar,06_rankings_conquistas/primeiro_lugar.png,128x128,PNG RGBA
06_rankings_conquistas,segundo_lugar,06_rankings_conquistas/segundo_lugar.png,128x128,PNG RGBA
06_rankings_conquistas,terceiro_lugar,06_rankings_conquistas/terceiro_lugar.png,128x128,PNG RGBA
06_rankings_conquistas,top_performer,06_rankings_conquistas/top_performer.png,128x128,PNG RGBA
06_rankings_conquistas,meta_atingida,06_rankings_conquistas/meta_atingida.png,128x128,PNG RGBA
06_rankings_conquistas,badge,06_rankings_conquistas/badge.png,128x128,PNG RGBA
06_rankings_conquistas,destaque,06_rankings_conquistas/destaque.png,128x128,PNG RGBA
06_rankings_conquistas,meta,06_rankings_conquistas/meta.png,128x128,PNG RGBA
06_rankings_conquistas,performance,06_rankings_conquistas/performance.png,128x128,PNG RGBA
07_tempo_calendario,hoje,07_tempo_calendario/hoje.png,128x128,PNG RGBA
07_tempo_calendario,este_mes,07_tempo_calendario/este_mes.png,128x128,PNG RGBA
07_tempo_calendario,ultimo_mes,07_tempo_calendario/ultimo_mes.png,128x128,PNG RGBA
07_tempo_calendario,este_trimestre,07_tempo_calendario/este_trimestre.png,128x128,PNG RGBA
07_tempo_calendario,este_ano,07_tempo_calendario/este_ano.png,128x128,PNG RGBA
07_tempo_calendario,personalizado,07_tempo_calendario/personalizado.png,128x128,PNG RGBA
07_tempo_calendario,tempo_real,07_tempo_calendario/tempo_real.png,128x128,PNG RGBA
07_tempo_calendario,em_andamento,07_tempo_calendario/em_andamento.png,128x128,PNG RGBA
07_tempo_calendario,previsto,07_tempo_calendario/previsto.png,128x128,PNG RGBA
08_resultados_campanha_email,enviados,08_resultados_campanha_email/enviados.png,128x128,PNG RGBA
08_resultados_campanha_email,entregues,08_resultados_campanha_email/entregues.png,128x128,PNG RGBA
08_resultados_campanha_email,aberturas,08_resultados_campanha_email/aberturas.png,128x128,PNG RGBA
08_resultados_campanha_email,cliques,08_resultados_campanha_email/cliques.png,128x128,PNG RGBA
08_resultados_campanha_email,respostas,08_resultados_campanha_email/respostas.png,128x128,PNG RGBA
08_resultados_campanha_email,bounces,08_resultados_campanha_email/bounces.png,128x128,PNG RGBA
08_resultados_campanha_email,reclamacoes,08_resultados_campanha_email/reclamacoes.png,128x128,PNG RGBA
08_resultados_campanha_email,descadastros,08_resultados_campanha_email/descadastros.png,128x128,PNG RGBA
08_resultados_campanha_email,links,08_resultados_campanha_email/links.png,128x128,PNG RGBA
09_financeiro,receita,09_financeiro/receita.png,128x128,PNG RGBA
09_financeiro,valor_ponderado,09_financeiro/valor_ponderado.png,128x128,PNG RGBA
09_financeiro,ticket_medio_fin,09_financeiro/ticket_medio_fin.png,128x128,PNG RGBA
09_financeiro,roi,09_financeiro/roi.png,128x128,PNG RGBA
09_financeiro,taxa,09_financeiro/taxa.png,128x128,PNG RGBA
09_financeiro,previsao,09_financeiro/previsao.png,128x128,PNG RGBA
09_financeiro,distribuicao,09_financeiro/distribuicao.png,128x128,PNG RGBA
09_financeiro,calculo,09_financeiro/calculo.png,128x128,PNG RGBA
09_financeiro,financeiro,09_financeiro/financeiro.png,128x128,PNG RGBA
10_interface_navegacao,inicio,10_interface_navegacao/inicio.png,128x128,PNG RGBA
10_interface_navegacao,voltar,10_interface_navegacao/voltar.png,128x128,PNG RGBA
10_interface_navegacao,avancar,10_interface_navegacao/avancar.png,128x128,PNG RGBA
10_interface_navegacao,expandir,10_interface_navegacao/expandir.png,128x128,PNG RGBA
10_interface_navegacao,recolher,10_interface_navegacao/recolher.png,128x128,PNG RGBA
10_interface_navegacao,selecionar,10_interface_navegacao/selecionar.png,128x128,PNG RGBA
10_interface_navegacao,fechar,10_interface_navegacao/fechar.png,128x128,PNG RGBA
10_interface_navegacao,abrir,10_interface_navegacao/abrir.png,128x128,PNG RGBA
10_interface_navegacao,ajuda,10_interface_navegacao/ajuda.png,128x128,PNG RGBA
