Ever Energia	(48) 99143-3780	comercial@eversolar.com.br	mailto: comercial@eversolar.com.br	https://everenergia.com.br/	https://everenergia.com.br/	Florianópolis - SC	
EFM Blue Energy	(48) 3307-1242	eraclito@efmblueenergy.com.br	mailto: eraclito@efmblueenergy.com.br	http://www.efmblueenergy.com.br	http://www.efmblueenergy.com.br/	Florianópolis - SC	
Wegga Energy	(48) 98802-4310	comercial@wegga.com.br	mailto: comercial@wegga.com.br	https://wegga.com.br/	https://wegga.com.br/	Florianópolis - SC	(48) 99130-0380
Elektsolar Innovations	(48) 3206-2348	alceu.neto@elektsolar.com.br	mailto: alceu.neto@elektsolar.com.br	https://elekt.com.br/	https://elekt.com.br/	Florianópolis - SC	(47) 9 9656-9791
ELETRO JO MATERIAIS ELÉTRICOS LTDA.	(48) 3658-3202	eletrojo@eletrojo.com.br	mailto: eletrojo@eletrojo.com.br	http://www.eletrojo.com.br	http://www.eletrojo.com.br/	Braço do Norte - SC	
Prisma Energia Solar	(47) 99177-2399	contato@prismaenergiasolar.com.br ; cotacao@prismaenergiasolar.com.br	mailto: contato@prismaenergiasolar.com.br ; cotacao@prismaenergiasolar.com.br	http://www.prismaenergiasolar.com.br	http://www.prismaenergiasolar.com.br/	Itajaí - SC	
Cipriani Energia Solar	(48) 3380-1293	contato@ciprianieng.com.br	mailto: contato@ciprianieng.com.br	http://www.ciprianieng.com.br	http://www.ciprianieng.com.br/	São João Batista - SC	(48) 99658-2039
AGROWERNER - COMÉRCIO DE MÁQUINAS E IMPLEMENTOS AGRÍCOLAS LTDA	(48) 3658-2200	solar@agrowerner.com.br	mailto: solar@agrowerner.com.br	https://www.agrowerner.com.br/	https://www.agrowerner.com.br/	Braço do Norte - SC	(48) 9 9943-4330
Enges Energia Solar	(47) 99206-9014	adm@enges.eco.br	mailto: adm@enges.eco.br	http://www.enges.eco.br	http://www.enges.eco.br/	Porto Belo - SC	
DOMUS SOLAR	(47) 3232-2329	contato@domussolar.com.br	mailto: contato@domussolar.com.br	http://www.domussolar.com.br	http://www.domussolar.com.br/	Blumenau - SC	
Spin Solar	(48) 3263-0182	kalebe@spinsolar.com.br	mailto: kalebe@spinsolar.com.br	https://www.spinsolar.com.br	https://www.spinsolar.com.br/	Tijucas - SC	
R4 ENERGIAS RENOVÁVEIS	(47) 3091-0190	comercial@r4renovaveis.com.br	mailto: comercial@r4renovaveis.com.br	http://www.r4renovaveis.com.br	http://www.r4renovaveis.com.br/	Timbó - SC	(47) 99231-3074
Ilumisolar Eficiencia Energetica	(48) 3420-0999	contato@ilumisolar.com.br	mailto: contato@ilumisolar.com.br	https://www.ilumisolar.com.br/	https://www.ilumisolar.com.br/	Criciúma - SC	
Gerenttech	(48) 99988-3766	contato@gerenttech.com.br	mailto: contato@gerenttech.com.br	https://gerenttech.com.br/	https://gerenttech.com.br/	Santo Amaro da Imperatriz - SC	
Digitalli Eletrônica e Automação	(54) 3512-1522		mailto: null			Vacaria - RS	
Enerdata Energia Solar	(47) 99954-9895		mailto: null	https://www.enerdata.com.br/	https://www.enerdata.com.br/	Navegantes - SC	
IG Energia Renovável	(47) 3273-5552	alexandre@igenergia.com.br	mailto: alexandre@igenergia.com.br	http://www.igenergia.com.br	http://www.igenergia.com.br/	Jaraguá do Sul - SC	
SOLTURI SOLAR SERVIÇO E COMÉRCIO DE MATERIAIS ELÉTRICOS LTDA	(47) 9 9250-4607	contato@solturi.com.br ; bruno@solturi.com.br	mailto: contato@solturi.com.br ; bruno@solturi.com.br	https://solturi.com.br/	https://solturi.com.br/	Jaraguá do Sul - SC	47999614606
Topsun Energia Solar	(47) 3055-0800	atendimento@topsun.com.br	mailto: atendimento@topsun.com.br	http://www.topsun.com.br	http://www.topsun.com.br/	Jaraguá do Sul - SC	
WIATEC ELETRICIDADE E AUTOMAÇÃO INDUSTRIAL LTDA	(49) 3224-0196	wiatec@wiatec.com.br; servico@wiatec.com.br ; everaldo@wiatec.com.br ; projetos@wiatec.com.br	mailto: wiatec@wiatec.com.br; servico@wiatec.com.br ; everaldo@wiatec.com.br ; projetos@wiatec.com.br	http://www.wiatec.com.br	http://www.wiatec.com.br/	Lages - SC	(49) 991436525
MAGNANI LUZ & ENERGIA	(54) 4009-5255	mobilidade.eletrica@magnani.com.br	mailto: mobilidade.eletrica@magnani.com.br	http://www.magnani.com.br	http://www.magnani.com.br/	Caxias do Sul - RS	(54) 9 9170-3834
TAB Energia	(47) 2101-1391	contato@tabenergia.com.br	mailto: contato@tabenergia.com.br	http://www.tabenergia.com.br	http://www.tabenergia.com.br/	Joinville - SC	(47) 9 9117-2688
ROMIL ENERGY GERAÇÃO DE ENERGIA LTDA	(47) 3533-3449	romil@romilsolar.com	mailto: romil@romilsolar.com	http://www.romilsolar.com/	http://www.romilsolar.com/	Ituporanga - SC	(47) 98803-1036
SaveOn	(47) 3034-6448	contato@saveonenergia.com.br	mailto: contato@saveonenergia.com.br	https://www.saveonenergia.com.br/novas-solucoes/#carregamento-carro	https://www.saveonenergia.com.br/novas-solucoes/#carregamento-carro	Joinville - SC	(47) 3034-6448
TRENTO COMERCIAL ELÉTRICA E HIDRÁULICA LTDA	(54) 3292-3700	trento@trentocomercial.com.br; vendas02@trentocomercial.com.br	mailto: trento@trentocomercial.com.br; vendas02@trentocomercial.com.br	http://www.trentocomercial.com.br	http://www.trentocomercial.com.br/	Flores da Cunha - RS	(54) 99702-5087
SUNGATE ENERGIA SOLAR	(51) 98623-4607		mailto: null	https://www.sungate.com.br/	https://www.sungate.com.br/	Parobé - RS	
Indusol	(48) 3413-5256	contato@indusol.com.br	mailto: contato@indusol.com.br	http://www.indusol.com.br	http://www.indusol.com.br/	Criciúma - SC	
Glow Energia Solar	(42) 3325-6829	contato@glowsolar.com.br	mailto: contato@glowsolar.com.br	http://www.glowsolar.com.br	http://www.glowsolar.com.br/	Ponta Grossa - PR	
Rossler Comércio e Serviços de Energia	(54) 2628-4053	contato@rosslerautomacao.com.br ; daiane@rosslerenergiasolar.com.br	mailto: contato@rosslerautomacao.com.br ; daiane@rosslerenergiasolar.com.br	http://rosslerautomacao.com.br	http://rosslerautomacao.com.br/	Farroupilha - RS	(54) 99614-0932
SOLEVO ENERGIA	(48) 99800-3031	atendimento@solevo.com.br	mailto: atendimento@solevo.com.br	https://solevo.com.br/	https://solevo.com.br/	Lages - SC	
GALVAN SOLUÇÕES EM ENERGIA	(47) 3017-9575	contato@galvanenergia.com.br	mailto: contato@galvanenergia.com.br			Jaraguá do Sul - SC	(47) 99644-9241
Eletrica Margreiter Eireli	Exibir contatos
AURORA SOLUÇÕES EM ENERGIA SOLAR LTDA	(47) 3322-7647	aurorasolar.net@gmail.com	mailto: aurorasolar.net@gmail.com	http://www.aurorasolar.net/	http://www.aurorasolar.net/	Blumenau - SC	(47) 9 9959-4757
AUTOMASUL	(54) 3316-2600	automasul@automasul.com	mailto: automasul@automasul.com	http://www.automasul.com	http://www.automasul.com/	Passo Fundo - RS	(54) 2103-0800
Lithum Energia Solar	47 3034-6517	comercial@lithumsolar.com.br	mailto: comercial@lithumsolar.com.br	http://www.lithumsolar.com.br	http://www.lithumsolar.com.br/	Joinville - SC	
Macke & Cia LTDA	(51) 99685-4179	mackefilial@tca.com.br	mailto: mackefilial@tca.com.br			Rolante - RS	(51) 3547-1384
Solen Energias Renovaveis	(49) 3025-6666	contato@solen.bio.br ; faedo@solen.bio.br	mailto: contato@solen.bio.br ; faedo@solen.bio.br	https://www.solen.bio.br/	https://www.solen.bio.br/	Chapecó - SC	(49) 99809-7938
ELETROBOX COMÉRCIO DE MATERIAIS ELÉTRICOS LTDA	(47) 3642-3038	solar@eletrobox.net	mailto: solar@eletrobox.net	https://eletrobox.net/	https://eletrobox.net/	Mafra - SC	
EGEPRO	(54) 3534-7775	egepro@egepro.com.br	mailto: egepro@egepro.com.br	https://egepro.com.br/	https://egepro.com.br/	Caxias do Sul - RS	
Mitratech	(19) 3957-7301	vendas@mitratech.com.br	mailto: vendas@mitratech.com.br	http://www.mitratech.com.br	http://www.mitratech.com.br/	Campinas - SP	
Ceraçá - COOPERATIVA DE INFRA-ESTRUTURA	(49) 3334-3300	comercial@ceraca.com.br	mailto: comercial@ceraca.com.br			Saudades - SC	
BORNE ENERGIA	(41) 4101-4454	contato@energiaborne.com.br	mailto: contato@energiaborne.com.br	https://energiaborne.com.br	https://energiaborne.com.br/	Curitiba - PR	
Solled Energia	(51) 3909-7279	comercial@solledenergia.com.br	mailto: comercial@solledenergia.com.br	http://www.solledenergia.com.br/	http://www.solledenergia.com.br/	Xangri-lá - RS	(51) 9 9839-2260
ENZARE SOLUÇÕES EM ENERGIA LTDA	(54) 3698-9849	enzare@enzare.com.br	mailto: enzare@enzare.com.br	https://enzare.com.br/	https://enzare.com.br/	Carlos Barbosa - RS	54 996091287
SOLAR haus	(51) 3582-0050		mailto: null	http://www.solarhaus.com.br	http://www.solarhaus.com.br/	Novo Hamburgo - RS	
QSI Engenharia Elétrica LTDA	(51) 3066-0070	contato@qsi.eng.br	mailto: contato@qsi.eng.br	http://www.qsi.eng.br	http://www.qsi.eng.br/	Novo Hamburgo - RS	(54) 3461-1122
SOLARTECNO ENERGIA SOLAR	(14) 99748-6358	contato@solartecno.com.br	mailto: contato@solartecno.com.br	http://www.solartecno.com.br	http://www.solartecno.com.br/	Bauru - SP	
STROM Energia	(45) 2036-2509	contato@stromenergia.com.br	mailto: contato@stromenergia.com.br	http://www.stromenergia.com.br/	http://www.stromenergia.com.br/	Toledo - PR	
S L BIRCK LTDA	(46) 3536-1541		mailto: null	https://biel.com.br/	https://biel.com.br/	Dois Vizinhos - PR	
RELIANTO PROJETOS E MONTAGENS ELETRICAS	(51) 99817-0426	contato@relianto.com.br	mailto: contato@relianto.com.br	http://www.relianto.com.br	http://www.relianto.com.br/	Porto Alegre - RS	
A. S. JUNIOR ENERGIA SOLAR LTDA	(49) 3621-1128	asjunior@asjunior.com.br	mailto: asjunior@asjunior.com.br	http://www.asjunior.com.br	http://www.asjunior.com.br/	São Miguel do Oeste - SC	(49) 9 8403-9405
CLEAN ENERGIA	(54) 3355-1363	comercial@cleanenergia.com.br	mailto: comercial@cleanenergia.com.br			Ibiraiaras - RS	54 99693-4673
Da Cas Soluções Elétricas	51 989181592	dacassolucoeseletricas@gmail.com	mailto: dacassolucoeseletricas@gmail.com			Arvorezinha - RS	
Produtel Comércio de Materiais Elétricos	(45) 3028-9420	produtel@hotmail.com	mailto: produtel@hotmail.com	http://www.produtel.com.br	http://www.produtel.com.br/	Foz do Iguaçu - PR	
MM2 COMERCIO DE EQUIPAMENTOS INDUSTRIAIS LTDA	(45) 2031-0222	contato@grupomm2.com.br ; comercial01@grupomm2.com.br	mailto: contato@grupomm2.com.br ; comercial01@grupomm2.com.br	http://www.grupomm2.com.br	http://www.grupomm2.com.br/	Marechal Cândido Rondon - PR	(45) 99113-3223
ILUMISAM ENERGIA SOLAR LTDA	(47) 3207-8516	financeiro01@ilumisam.com.br	mailto: financeiro01@ilumisam.com.br	http://www.ilumisam.com.br/	http://www.ilumisam.com.br/	Guaramirim - SC	(47) 9 8436-8950
Solar Serra	(54) 3705-1950	contato@solarserra.com.br	mailto: contato@solarserra.com.br			Bento Gonçalves - RS	(54) 99977-5550
Farol Solar	(43) 99920-5589	farolsolaradm@gmail.com	mailto: farolsolaradm@gmail.com	http://www.farolsolareng.com/es	http://www.farolsolareng.com/es	Arapoti - PR	
EFALL Materiais Elétricos	(54) 3055-7650	efallmateriais@efall.net	mailto: efallmateriais@efall.net	https://efallengenharia.com.br/	https://efallengenharia.com.br/	Bento Gonçalves - RS	(54) 99339-6026
PRIMOSOL LTDA	(45) 9 9806-9826		mailto: null			Capanema - PR	
Energens	(55) 3314-0038		mailto: null	http://www.energens.com.br	http://www.energens.com.br/	Santo Ângelo - RS	
Efall Engenharia Elétrica	(54) 3471-1117	comercial@efallengenharia.com.br	mailto: comercial@efallengenharia.com.br	https://www.efallengenharia.com.br/	https://www.efallengenharia.com.br/	Dois Lajeados - RS	(54)99656-2995
GDUE ENERGIA SOLAR	(49) 3535 1124	giliard@gdue.com.br	mailto: giliard@gdue.com.br			Arroio Trinta - SC	
Iguaçu Engenharia	(46) 99970-7425	patobranco@engenhariaiguacu.com.br	mailto: patobranco@engenhariaiguacu.com.br	http://www.engenhariaiguacu.com.br	http://www.engenhariaiguacu.com.br/	Pato Branco - PR	
Ghellere Automação	48 99688-6262	ghellereautomacao@gmail.com	mailto: ghellereautomacao@gmail.com			Criciúma - SC	
Win Energia e Soluções LTDA	(51) 99560-6560	diogo@winenergia.com.br	mailto: diogo@winenergia.com.br	http://www.winenergia.com.br	http://www.winenergia.com.br/	Porto Alegre - RS	
COOPERATIVA A1	(49) 3647-9000	luciano@fecoagro.coop.br	mailto: luciano@fecoagro.coop.br	https://www.coopera1.com.br/	https://www.coopera1.com.br/	Palmitos - SC	(49) 3647-9036
ALC Solar	(41) 3797-0304	andre@alcsolar.com.br	mailto: andre@alcsolar.com.br	https://www.alcsolar.com.br/	https://www.alcsolar.com.br/	Fazenda Rio Grande - PR	
Berti Instaladora Elétrica	(51) 3545-1840	comercial@berti.net.br	mailto: comercial@berti.net.br			Igrejinha - RS	
MGI Solar LTDA	14 997565494		mailto: null			Taguaí - SP	14 997565494
ELETRO CASARE LTDA	15 35421939	gustavo@eletrocasare.com.br	mailto: gustavo@eletrocasare.com.br			Capão Bonito - SP	
BRADACZ INDÚSTRIA ELETRÔNICA LTDA	(44) 9 9932-0055		mailto: null	http://www.bradacz.com.br/	http://www.bradacz.com.br/	Palotina - PR	
FONTESUL SOLUÇÕES EM ENERGIA LTDA	(42) 4141-9333	contato@fontesul.com.br	mailto: contato@fontesul.com.br	http://www.fontesul.com.br	http://www.fontesul.com.br/	Ponta Grossa - PR	(42) 4141-8957
FIO DE LUZ ENERGIA SOLAR LTDA	(41) 9 9153-7691	marcel@fiodeluz.solar	mailto: marcel@fiodeluz.solar	http://www.fiodeluz.solar	http://www.fiodeluz.solar/	Curitiba - PR	(41) 9 9243-3040
Feluma Materiais Elétricos LTDA ME	(49) 3634-1849	felumaeletrica@yahoo.com.br	mailto: felumaeletrica@yahoo.com.br	http://www.feluma.net.br	http://www.feluma.net.br/	Iporã do Oeste - SC	
TNR Solar	(41) 99182-0870	nilson@tnrsolar.com.br	mailto: nilson@tnrsolar.com.br	https://www.tnrsolar.com.br	https://www.tnrsolar.com.br/	Curitiba - PR	
Solar Iluminix	(41) 98472-7082	jackson@solariluminix.com.br	mailto: jackson@solariluminix.com.br	https://solariluminix.com.br/	https://solariluminix.com.br/	Campo Largo - PR	
Claudeir Lopes e Filhos - Soluções em Energia	(19) 98202-7310	gustavolopes.eletrica@hotmail.com	mailto: gustavolopes.eletrica@hotmail.com	http://www.claudeirlopesefilhos.com	http://www.claudeirlopesefilhos.com/	Divinolândia - SP	
Energia Engenharia	(67) 3422-1626	energiaengenharia@uol.com.br	mailto: energiaengenharia@uol.com.br			Dourados - MS	
Innova Energy Serviços de Engenharia LTDA	(34) 3334-0481	contato@innova-energy.com.br	mailto: contato@innova-energy.com.br	http://www.innova-energy.com.br/	http://www.innova-energy.com.br/	Uberaba - MG	(34) 99182-0899
Kinsol Serviços de Instalação de Equipamentos de Energia Solar LTDA	0800 343 4800	contato@kinsolenergia.com.br	mailto: contato@kinsolenergia.com.br	http://www.kinsolenergia.com.br/	http://www.kinsolenergia.com.br/	Uberaba - MG	
SOLLED ENERGIA	(51) 3909-7279	comercial@solledenergia.com.br	mailto: comercial@solledenergia.com.br	https://solledenergia.com.br/	https://solledenergia.com.br/	Santa Cruz do Sul - RS	(51) 9 9839-2260
TS Energy	(51) 3039-8306	Ronei@tscom.com.br ; ronei@tsenergy.com.br	mailto: Ronei@tscom.com.br ; ronei@tsenergy.com.br	http://www.tsenergy.com.br	http://www.tsenergy.com.br/	Sapiranga - RS	(51) 99127-3588
The Energy Solar	(47) 99943-8500	contato@theenergy.com.br	mailto: contato@theenergy.com.br	https://theenergy.com.br/	https://theenergy.com.br/	Itapoá - SC	
3 R ENERGIA NOVA RESENDENSE EIRELI	(35) 3562-2767	3renergia@gmail.com	mailto: 3renergia@gmail.com	http://www.3renergiapc.com.br/	http://www.3renergiapc.com.br/	Nova Resende - MG	(35) 99953-1956
Quasat Solar	(55) 99707-4844		mailto: null	https://www.quasat.com.br/	https://www.quasat.com.br/	Santa Rosa - RS	(55) 3512-3600
VOLTAIC	49 999 971 218	engenharia@voltaicbrasil.com.br	mailto: engenharia@voltaicbrasil.com.br	http://www.voltaicbrasil.com.br	http://www.voltaicbrasil.com.br/	Xanxerê - SC	
Vinimaq Solar	(16) 3713-1800	wemob@vinimaq.com.br	mailto: wemob@vinimaq.com.br	http://www.vinimaq.com.br	http://www.vinimaq.com.br/	Franca - SP	(16) 3713-1878
MEURER SOLUCOES ELETRICAS	(55) 3433-2264	elmeurer@eletricameurer.net	mailto: elmeurer@eletricameurer.net	http://www.eletricameurer.net	http://www.eletricameurer.net/	Itaqui - RS	(55) 997208441
Premium Engenharia e Automação Eireli Ltda	(51) 3729-6029	engenharia@premiumengenharia.com	mailto: engenharia@premiumengenharia.com			Cruzeiro do Sul - RS	(51) 9 9697-8368
Italuz - Comércio de Materiais Elétricos	15 35242444	thiago.italuz@gmail.com	mailto: thiago.italuz@gmail.com			Itapeva - SP	
Eletrobidu Solar	11 47234130	solar@eletrobidu.com.br	mailto: solar@eletrobidu.com.br			Mogi das Cruzes - SP	
Gecom Energia	0800-042-0863	fiscal@gecomenergia.com.br	mailto: fiscal@gecomenergia.com.br	http://gecomenergia.com.br	http://gecomenergia.com.br/	Caarapó - MS	
Instaladora Lenz	45 3559-2127	t.l.lenzsolucoesemenergiasolar@outlook.com	mailto: t.l.lenzsolucoesemenergiasolar@outlook.com			Itaipulândia - PR	
MS Engenharia Elétrica	44 3055-4514	ms@msengenharia.com.br	mailto: ms@msengenharia.com.br	http://www.msengenharia.com.br	http://www.msengenharia.com.br/	Umuarama - PR	
Palolux	44 3649-6999	contato@palolux.com.br	mailto: contato@palolux.com.br	http://www.palolux.com.br	http://www.palolux.com.br/	Palotina - PR	
MAAZ COMERCIAL LTDA EPP	(19) 3641-5858	maaz@maaz.com.br	mailto: maaz@maaz.com.br			Vargem Grande do Sul - SP	(19) 98421-0190
A Iluminadora Casa Branca Ltda	(19) 99121-8928	contato@ilcabran.com.br	mailto: contato@ilcabran.com.br			Casa Branca - SP	
COOPERATIVA REGIONAL ITAIPU	(49 )3366-1353	financeirofl56@cooperitaipu.com.br	mailto: financeirofl56@cooperitaipu.com.br	https://cooperitaipu.com.br/	https://cooperitaipu.com.br/	Pinhalzinho - SC	(49) 3366-6500
EXPAND ENERGIA LTDA	(34) 3662-3499	comercial@expandenergia.com	mailto: comercial@expandenergia.com	http://expandenergia.com.br/	http://expandenergia.com.br/	Araxá - MG	
KG ENERGIA SOLAR	(35) 3457-1437	compras@kgenergiasolar.com.br	mailto: compras@kgenergiasolar.com.br	https://www.kgenergiasolar.com.br/	https://www.kgenergiasolar.com.br/	Heliodora - MG	(35) 99898-4806
Sustenta Brasil	(13) 97410-9882	comercial@sustentabr.com ; solar@sustentabr.com	mailto: comercial@sustentabr.com ; solar@sustentabr.com	http://www.sustentabr.com.br	http://www.sustentabr.com.br/	Santos - SP	
Nema Eletrotécnica Ltda	(47) 3531-8700	nema@nema.com.br; mateus@nema.com.br	mailto: nema@nema.com.br; mateus@nema.com.br	https://www.nema.com.br	https://www.nema.com.br/	Rio do Sul - SC	
CLAIRTON GADONSKI ME	(51) 3572-0272	clairton@mixenergia.com.br	mailto: clairton@mixenergia.com.br	https://mixenergia.com.br/	https://mixenergia.com.br/	Portão - RS	(51) 3057-2088
Irrigasul	(05)3243-2834		mailto: null			Dom Pedrito - RS	(53) 99963-8300
Latin America Solar	(14) 3227 - 8979	rogerio.perdona@lasolar.com.br	mailto: rogerio.perdona@lasolar.com.br			Bauru - SP	
DELSOL ENGENHARIA	(51) 99395-0202	contato@delsolengenharia.com.br	mailto: contato@delsolengenharia.com.br	https://www.delsolengenharia.com.br/	https://www.delsolengenharia.com.br/	Esteio - RS	(51) 99281-5686
SOLARTEC MATERIAIS ELETRICOS LTDA	49 3224 0196	everaldo@wiatec.com.br	mailto: everaldo@wiatec.com.br			Rio do Sul - SC	
Irmãos Marcon	46 3524-1188	irmaosmarcon@gmail.com	mailto: irmaosmarcon@gmail.com			Francisco Beltrão - PR	
ALVO SOLAR SISTEMAS DE ENERGIA LTDA	(35) 3551-2667	contato@alvosolar.com.br	mailto: contato@alvosolar.com.br	http://alvosolar.com.br/	http://alvosolar.com.br/	Guaxupé - MG	
HYPER SOLAR IMPORTAÇÃO E EXPORTAÇÃO LTDA.	(35) 3552-4366	compras@megasolarenergy.com.br	mailto: compras@megasolarenergy.com.br	https://hypersolarenergy.com.br/	https://hypersolarenergy.com.br/	Guaxupé - MG	(35) 99990-5246
INFINITY ENGINEERING	(22) 99909-5008	contato@infinitysolucoes.eng.br	mailto: contato@infinitysolucoes.eng.br	https://www.infinitysolucoes.eng.br/	https://www.infinitysolucoes.eng.br/	Campos dos Goytacazes - RJ	(22) 99730-9080
Elétrica Araçatuba - Solar	18 3607-6200	engenharia@gienergia.com.br	mailto: engenharia@gienergia.com.br	http://www.eletricaaracatuba.com.br	http://www.eletricaaracatuba.com.br/	Araçatuba - SP	
Insolis Energy	1838231515	cleberbortolato@hotmail.com	mailto: cleberbortolato@hotmail.com	http://www.insolisenergy.com.br/	http://www.insolisenergy.com.br/	Dracena - SP	
Solar R Energy LTDA	18 99668-9452	ricardo@solarrenergy.com.br	mailto: ricardo@solarrenergy.com.br	http://18 99668-9452	http://18%2099668-9452/	Dracena - SP	18 99668-9452
ARASOL ENERGIA FOTOVOLTAICA LTDA	(34) 98887-5093	contato.arasolaraguari@gmail.com	mailto: contato.arasolaraguari@gmail.com	https://arasolenergiafotovoltaica.com.br/	https://arasolenergiafotovoltaica.com.br/	Araguari - MG	(34) 99882-0034
ELETROJILHO ENGENHARIA ELETRICA & ENERGIA SOLAR LTDA	(11)9933-0681	ELETROJILHO.ADM@GMAIL.COM	mailto: ELETROJILHO.ADM@GMAIL.COM			Cabreúva - SP	
Mega Tecnologia	67 3441 4008	matheus@megatecnologia.net.br	mailto: matheus@megatecnologia.net.br	http://www.megatecnologia.net.br	http://www.megatecnologia.net.br/	Nova Andradina - MS	67 98111-1777
AVL Comércio e Prestação de Serviços LTDA	11 47212009	vendas@avltech.eng.br	mailto: vendas@avltech.eng.br	http://www.avltech.eng.br	http://www.avltech.eng.br/	Mogi das Cruzes - SP	
ALBA TECNOLOGIA INDUSTRIAL LTDA	(35) 4102-1599	contato@albaenergia.com.br	mailto: contato@albaenergia.com.br	http://www.albaenergia.com.br	http://www.albaenergia.com.br/	Pouso Alegre - MG	
GLOBAL AUTOMACAO LTDA	49 3561 0000	globalautomacao@globalautomacao.ind.br	mailto: globalautomacao@globalautomacao.ind.br	http://www.globalautomacao.ind.br	http://www.globalautomacao.ind.br/	Caçador - SC	
Eletro Service	(14) 3603-1100	energiasolar1@eletroserviceourinhos.com.br	mailto: energiasolar1@eletroserviceourinhos.com.br	http://www.eletroserviceourinhos.com.br	http://www.eletroserviceourinhos.com.br/	Ourinhos - SP	
SOLARMAR PRODUTOS LTDA	(13)99721-7228	projetos@solarmar.com.br	mailto: projetos@solarmar.com.br			Peruíbe - SP	
AD Valoren LTDA	(16) 3703-3095	afortioriagronegociosdobrasil@outlook.com	mailto: afortioriagronegociosdobrasil@outlook.com	https://afortioriagronegociosdobrasil.com/	https://afortioriagronegociosdobrasil.com/	Claraval - MG	(16) 99117-5708
LUZON ECOEFICIENCIA LTDA	(46) 2563-1167	relacionamento@luzon.eco.br	mailto: relacionamento@luzon.eco.br	http://luzon.eco.br	http://luzon.eco.br/	Santo Antônio do Sudoeste - PR	(46) 99982-4430
Ener3 Soluções Inteligentes	(67) 99941-7587	engenharia@enersolms.com.br	mailto: engenharia@enersolms.com.br	https://www.enersolms.com.br/	https://www.enersolms.com.br/	Três Lagoas - MS	
Automatize Energia	(19) 3454-6386	sac@automatize.eng.br	mailto: sac@automatize.eng.br	http://www.automatizeenergia.com.br	http://www.automatizeenergia.com.br/	Santa Bárbara d`Oeste - SP	
TRIELO ENERGIA SOLAR LTDA	(44)98454-1440	contato@trieloci.com.br	mailto: contato@trieloci.com.br	https://www.trieloenergiasolar.com.br/	https://www.trieloenergiasolar.com.br/	Campo Mourão - PR	
Azimuth Renováveis	(19) 3604-7786	contato@azimuthrenovaveis.com.br	mailto: contato@azimuthrenovaveis.com.br	https://azimuthrenovaveis.com.br	https://azimuthrenovaveis.com.br/	Americana - SP	
Energisul Manutenção Industrial	(51) 3741-6748	contato@energisul-si.com.br	mailto: contato@energisul-si.com.br	http://www.energisul-si.com.br	http://www.energisul-si.com.br/	Venâncio Aires - RS	
Parceria Solar	(55) 3027-9999	comercial@parceriasolar.com	mailto: comercial@parceriasolar.com	https://www.parceriasolar.com	https://www.parceriasolar.com/	Santa Maria - RS	
Hertz Solar Elétrica LTDA	(37) 3331-7555	alessandro@eletrohertz.com	mailto: alessandro@eletrohertz.com	http://www.eletrohertz.com	http://www.eletrohertz.com/	Oliveira - MG	(37) 99160-1444
Latin America Solar	(16) 3600-8495	contato@lasolar.com.br	mailto: contato@lasolar.com.br	http://lasolar.com.br	http://lasolar.com.br/	Ribeirão Preto - SP	(16) 98128-4844
AQUINO`S SOLAR	(24) 99240-9271	contato@aquinossolar.com	mailto: contato@aquinossolar.com	https://aquinossolar.com.br	https://aquinossolar.com.br/	Barra Mansa - RJ	
STK SOLAR LTDA	(11) 4901-0374	contato@stksolar.com.br	mailto: contato@stksolar.com.br	http://stksolar.com.br	http://stksolar.com.br/	Santo André - SP	(11) 98994-2207
COCAMAR COOPERATIVA AGROINDUSTRIAL	(44) 9 9919-4356	luis.gomes@cocamar.com.br	mailto: luis.gomes@cocamar.com.br	https://www.cocamar.com.br/	https://www.cocamar.com.br/	Maringá - PR	
Sun Life Brasil	(24) 3347 5738	contato@sunlifebrasil.com	mailto: contato@sunlifebrasil.com	http://www.sunlifebrasil.com	http://www.sunlifebrasil.com/	Volta Redonda - RJ	
Capacitech Service Drives Ribeirão Preto LTDA - ME	(16) 3996-5000	vendas@capacitech.com.br; fotovoltaico5@capacitech.com.br;	mailto: vendas@capacitech.com.br; fotovoltaico5@capacitech.com.br;	http://www.capacitech.com.br	http://www.capacitech.com.br/	Ribeirão Preto - SP	16 98197-7200
Eletro C e C	19 38953093	eletricaccterrafioscabos@gmail.com	mailto: eletricaccterrafioscabos@gmail.com			Socorro - SP	19 99805-5916
Eletro C e C	19 38953093	eletricaccterrafioscabos@gmail.com	mailto: eletricaccterrafioscabos@gmail.com			Socorro - SP	
Goiás Energy	(64) 9 9658-2001	dircomercial@goiasenergy.com.br	mailto: dircomercial@goiasenergy.com.br	https://goiasenergy.com.br/	https://goiasenergy.com.br/	Mineiros - GO	(64) 9 9954-4293
BRAZIL SOLUTION SERVICOS LTDA	(21) 3678-3597	atendimento@brazilsolution.com.br	mailto: atendimento@brazilsolution.com.br	http://www.brazilsolution.com.br	http://www.brazilsolution.com.br/	São João de Meriti - RJ	
Azzon Engenharia LTDA	(19) 3542-1955	comercial@azzon.com.br	mailto: comercial@azzon.com.br	https://azzon.com.br	https://azzon.com.br/	Araras - SP	(19) 98986-0753
Campos Energia & Engenharia LTDA	(21) 2143-4303	CONTATO@CAMPOSENERGIA.COM.BR ; felipe@camposenergia.com.br	mailto: CONTATO@CAMPOSENERGIA.COM.BR ; felipe@camposenergia.com.br	http://www.camposenergia.com.br	http://www.camposenergia.com.br/	Rio de Janeiro - RJ	(21) 4109-8850
Construnorte Energia Sustentável	(43) 3571-1354	energiasolar@construnorte.com.br	mailto: energiasolar@construnorte.com.br			Siqueira Campos - PR	
Eficaz Solar	62 3093-7278	contato@eficaztecnologia.net.br	mailto: contato@eficaztecnologia.net.br	https://eficaztecnologia.net.br/	https://eficaztecnologia.net.br/	Goiânia - GO	
Enerzee	(65) 3634-7877	contato@enerzee.com.br ; comercial@enerzee.com.br ; posvendas@enerzee.com.br	mailto: contato@enerzee.com.br ; comercial@enerzee.com.br ; posvendas@enerzee.com.br	http://www.enerzee.com.br	http://www.enerzee.com.br/	Cuiabá - MT	(11) 4003-8344
Ecopower Eficiência Energética	4000-1722	supervisor.compras@ecopower.com.br	mailto: supervisor.compras@ecopower.com.br	http://www.ecopower.com.br	http://www.ecopower.com.br/	Barretos - SP	17 98128-1849
Giga Hertz Automação Elétrica LTDA - ME	(38) 3676-9100	contato@gigahertzautomacao.com.br	mailto: contato@gigahertzautomacao.com.br	http://www.gigahertzautomacao.com.br	http://www.gigahertzautomacao.com.br/	Unaí - MG	
Alonge Energia Solar LTDA	14 996809329	monitoramento24hpompeia@hotmail.com	mailto: monitoramento24hpompeia@hotmail.com			Pompéia - SP	14 996809329
MW AUTOMACAO E EFICIENCIA ENERGETICA LTDA	67-992696005	mwautomacao.ms@gmail.com	mailto: mwautomacao.ms@gmail.com			Ribas do Rio Pardo - MS	
PONTAL SOLAR ENERGIAS RENOVÁVEIS LTDA	(34) 99897-8313	junior@pontalsolar.com	mailto: junior@pontalsolar.com			Ituiutaba - MG	(34) 3261-3777
Solare Varasquim	(13) 3854-2301	solare@varasquim.com.br	mailto: solare@varasquim.com.br	http://www.varasquim.com.br	http://www.varasquim.com.br/	Cajati - SP	
ELETRIWATTS LTDA	11 982770775	fabricio.machado@eletriwatts.com	mailto: fabricio.machado@eletriwatts.com	http://(34) 3099 1799	http://(34)%203099%201799/	Patrocínio - MG	
MB ENERGIA - SOLUCOES INTELIGENTES	(35) 3425-7000	contato@energiamb.com.br	mailto: contato@energiamb.com.br	https://www.energiamb.com.br/	https://www.energiamb.com.br/	Pouso Alegre - MG	(35) 99834-6000
KRH Solar	(45) 3257-1672		mailto: null	http://grupokrh.com.br	http://grupokrh.com.br/	Entre Rios do Oeste - PR	
NAVES ENGENHARIA LTDA - ENERGIZAGRO	(34) 3810-1292	engenharia@energizagro.com.br	mailto: engenharia@energizagro.com.br	http://www.energizagro.com/	http://www.energizagro.com/	Monte Carmelo - MG	(34) 99728-9640
Eletrorede	(18) 3355-9200	solar@eletrorede.com.br	mailto: solar@eletrorede.com.br	https://www.eletrorede.com.br	https://www.eletrorede.com.br/	Presidente Prudente - SP	
Emersol Engenharia Eireli	(64) 3431-3777	engenharia@emersol.com.br	mailto: engenharia@emersol.com.br	https://www.emersol.com.br/	https://www.emersol.com.br/	Itumbiara - GO	(64) 99241-8765
TECNOVOLT MATERIAIS ELÉTRICOS LTDA	(64) 3432-5508	franciscocarvalho@tecnovolt.com	mailto: franciscocarvalho@tecnovolt.com	https://tecnovolt.com/	https://tecnovolt.com/	Itumbiara - GO	(64) 3432-5502
Ultra Solares Serviços de Engenharia Eletrica LTDA	(11)95305-5494	contato@ultrasolares.com.br	mailto: contato@ultrasolares.com.br	http://www.ultrasolares.com.br	http://www.ultrasolares.com.br/	Guarulhos - SP	
Duo Soluções Energéticas Eireli	(19) 99392-4310	leonardo@duoenergia.com.br	mailto: leonardo@duoenergia.com.br			Mococa - SP	
DGRAWS ARQUITETURA ENGENHARIA E SISTEMA SOLAR	64 98112-8525	solar@dgraws.com.br	mailto: solar@dgraws.com.br	http://www.dgraws.com.br	http://www.dgraws.com.br/	Catalão - GO	64 99615-2812
ENGESOL ENERGIA SOLAR E AUTOMAÇÃO LTDA.	(35) 99175-8955	contato@engesolenergiasolar.com.br	mailto: contato@engesolenergiasolar.com.br	https://engesolenergiasolar.com.br/	https://engesolenergiasolar.com.br/	Lambari - MG	(35) 99811-2562
SHOP SOLAR DO BRASIL – ENERGIA SOLAR LTDA	(22) 99979-9628	solar@shopsolarbrasil.com.br ; anilson@shopsolarbrasil.com.br	mailto: solar@shopsolarbrasil.com.br ; anilson@shopsolarbrasil.com.br	https://shopsolarbrasil.com.br/	https://shopsolarbrasil.com.br/	Rio das Ostras - RJ	(22) 99979-9620
FOUR RASTREAMENTO E ENERGIA LTDA	(35) 3295-9779	flavio@sunfour.com.br	mailto: flavio@sunfour.com.br	http://www.sunfour.com.br/	http://www.sunfour.com.br/	Machado - MG	(35) 3295-2636
Duna Solar	(43) 3048-1230		mailto: null	https://www.dunasolar.com.br	https://www.dunasolar.com.br/	Apucarana - PR	
REALTA ELETRICA	(16) 99643-3164	engenharia@eletricarealta.com.br	mailto: engenharia@eletricarealta.com.br			Ribeirão Preto - SP	(16) 98830-7123
Hold	17 35233835	hold@hold.inf.br	mailto: hold@hold.inf.br	http://hold.inf.br/	http://hold.inf.br/	Catanduva - SP	
ENERPOWER	(24) 99843-3601	contato@enerpower.com.br	mailto: contato@enerpower.com.br	https://enerpower.com.br/site/	https://enerpower.com.br/site/	Volta Redonda - RJ	
Eletroeste Solar Energy	64 99315-0892	genaldooeste@yahoo.com.br	mailto: genaldooeste@yahoo.com.br			Caldas Novas - GO	
GREEN SOLAR BRASIL	21973132727	mribeiro@greensolar.com.br	mailto: mribeiro@greensolar.com.br			Rio de Janeiro - RJ	
SOLAR WATTS ENERGIA FOTOVOLTAICA LTDA	(35) 3291-7414	atendimento@solarwattsenergia.com.br	mailto: atendimento@solarwattsenergia.com.br	http://www.solarwattsenergia.com.br	http://www.solarwattsenergia.com.br/	Alfenas - MG	(35) 99949-9919
SOLTURI ENERGIA SOLAR		pre.vendas01@solturi.com.br	mailto: pre.vendas01@solturi.com.br	https://solturi.com.br/	https://solturi.com.br/	Sorriso - MT	
ENERGY VOLT ENERGIA SOLAR LTDA	(51) 3244-3230	esequielricardo@energyvolt.com.br	mailto: esequielricardo@energyvolt.com.br	https://energyvolt.com.br/	https://energyvolt.com.br/	Viamão - RS	(51) 9 8014-1279
LUZTEC TECNOLOGIA EM ENERGIA LTDA	(35) 3221-2791	guilherme@luzteciluminacao.com.br	mailto: guilherme@luzteciluminacao.com.br	http://luzteciluminacao.com.br	http://luzteciluminacao.com.br/	Varginha - MG	(35) 98815-2505
Cardoso Soluções Energéticas	(37) 99191-7587	comercial@cardososolucoes.com; contato@cardososolucoes.com	mailto: comercial@cardososolucoes.com; contato@cardososolucoes.com	https://cardososolucoes.com/	https://cardososolucoes.com/	Bom Despacho - MG	
Bioserve	(51) 999101717	bioserve@bioserve.com.br	mailto: bioserve@bioserve.com.br	http://www.bioserve.com.br	http://www.bioserve.com.br/	Rio de Janeiro - RJ	
MAXIM ENGENHARIA LTDA	(43) 3336-7359	contato@maximee.com.br	mailto: contato@maximee.com.br	http://www.maximengenharia.com.br	http://www.maximengenharia.com.br/	Sertanópolis - PR	(43) 99153-8388
Greenvolt Comércio e Serviços Eireli	(31) 3162-6299	lucas@greenvolt.com.br	mailto: lucas@greenvolt.com.br	https://greenvolt.com.br/	https://greenvolt.com.br/	Betim - MG	
Ecossistema (SMS)	44 3305-4956	contato@ecosistema.com.br	mailto: contato@ecosistema.com.br	http://www.ecosistema.ind.br	http://www.ecosistema.ind.br/	Maringá - PR	
SONNE SOLUCAO EM ENERGIA	17 35122933	contato@sonneenergia.com; bruno@sonneenergia.com; comercial@sonneenergia.com	mailto: contato@sonneenergia.com; bruno@sonneenergia.com; comercial@sonneenergia.com	https://www.sonneenergia.com/	https://www.sonneenergia.com/	Bálsamo - SP	(17) 98182-6230
EASY POWER	(21) 2614-3001	contato@easypowergeradores.com	mailto: contato@easypowergeradores.com	https://www.easypowergeradores.com	https://www.easypowergeradores.com/	São Gonçalo - RJ	
SOLAR VOLT SOLUÇÕES COMÉRCIO E INSTALAÇÃO PARA ENERGIA LTDA	(31) 4042-3055	contato@solarvoltenergia.com.br	mailto: contato@solarvoltenergia.com.br	http://www.solarvoltenergia.com.br	http://www.solarvoltenergia.com.br/	Nova Lima - MG	
ASE AUTOMAÇÃO E SERVIÇOS ELÉTRICOS EIRELI	(38) 3408-8751	contato@aseengenharia.com.br; cassio.duarte@aseengenharia.com.br	mailto: contato@aseengenharia.com.br; cassio.duarte@aseengenharia.com.br	http://www.asesolar.com.br; http://www.aseengenharia.com.br/;	http://www.asesolar.com.br;%20http//www.aseengenharia.com.br/;	Paracatu - MG	(38) 99990-8751
MKS	(27) 99274-9411		mailto: null	http://www.mkssolar.com.br	http://www.mkssolar.com.br/	Vitória - ES	
ELMEC-ITA Eletro Mecânica de Itaperuna Ltda. EPP	(22) 3824-3548	solar@grupoelmec.com.br	mailto: solar@grupoelmec.com.br	http://www.grupoelmec.com.br	http://www.grupoelmec.com.br/	Itaperuna - RJ	(22) 99986-8332
MINAS ENERGIA	(31) 3798-2095	caio@minasenergia.eng.br	mailto: caio@minasenergia.eng.br	http://www.minasenergia.net	http://www.minasenergia.net/	Ponte Nova - MG	
RA DOS SANTOS SERVICOS ELETRICOS	35988363980	solar@rsservicoseletricos.com.br	mailto: solar@rsservicoseletricos.com.br			Lavras - MG	
RS SERVIÇOS ELETRICOS	35988363980	solar@rsservicoseletricos.com.br	mailto: solar@rsservicoseletricos.com.br			Lavras - MG	
SOLARTE SOLUCOES SUSTENTAVEIS LTDA	21 970133300	contato@solartesolucoes.com.br	mailto: contato@solartesolucoes.com.br			Tanguá - RJ	
SEEMIL ELETROMECÂNICA LTDA. EPP	(44) 3351-5665	seemil@seemil.com.br	mailto: seemil@seemil.com.br	http://www.seemil.com.br	http://www.seemil.com.br/	Cianorte - PR	(44) 8838-1556
Contrafo Com. e Constr. Eletromecânica LTDA	(67) 3385-5694	contrafo@terra.com.br	mailto: contrafo@terra.com.br	http://www.contrafobr.com.br	http://www.contrafobr.com.br/	Campo Grande - MS	
BRAYNER SOLAR	21964011000	celio.lopes@braynersolar.com.br	mailto: celio.lopes@braynersolar.com.br			Saquarema - RJ	
Comel	(53) 3035-8000	atendimento@comelrg.com.br ; engenharia@comelrg.com.br	mailto: atendimento@comelrg.com.br ; engenharia@comelrg.com.br	https://www.comelrg.com.br/	https://www.comelrg.com.br/	Rio Grande - RS	
Cavalli Distribuidora Ltda	45 999708883	engenharia@grupocavalli.com.br	mailto: engenharia@grupocavalli.com.br			Medianeira - PR	
Projeoeste	(49) 3316-4909		mailto: null			Chapecó - SC	
MSW ENGENHARIA ELÉTRICA	(49) 9 9960-2632	contato@mswengenhariaeletrica.com	mailto: contato@mswengenhariaeletrica.com	https://mswengenhariaeletrica.com.br	https://mswengenhariaeletrica.com.br/	Chapecó - SC	
Impacto Energia Solar Eireli	(35) 99132-2667	rafael@impactoenergiasolar.com	mailto: rafael@impactoenergiasolar.com	https://www.impactoenergiasolar.com/	https://www.impactoenergiasolar.com/	Campo Belo - MG	
MIDRA DISTRIBUIDORA LTDA	14 3433-4826	gerencial@midradistribuidora.com.br	mailto: gerencial@midradistribuidora.com.br			Marília - SP	14 99781-4441
ASTRAL NOVA ELETRÔNICA LTDA	(32) 4141-1111	engenharia@anetjf.com.br	mailto: engenharia@anetjf.com.br	https://www.anetjf.com.br/	https://www.anetjf.com.br/	Juiz de Fora - MG	(32) 98812-5551
Solar Soluções em Energia Limpa LTDA	(38) 3721-4218	contato@solarenergia.ind.br	mailto: contato@solarenergia.ind.br	http://www.solarenergia.ind.br	http://www.solarenergia.ind.br/	Curvelo - MG	(38) 3721-5181
ALTA ENERGIA E CONSTRUÇÃO LTDA	(55) 3411-2395	alvaro@alta.eng.br	mailto: alvaro@alta.eng.br	http://alta.eng.br/	http://alta.eng.br/	Uruguaiana - RS	(55) 9 9641-6134
LUMINI ENGENHARIA	3488650126	luminieng.01@gmail.com	mailto: luminieng.01@gmail.com			Campo Florido - MG	
Magalhães Engenharia	65 3266 5331	engenharia@magalhaesengenharia.com	mailto: engenharia@magalhaesengenharia.com	http://www.magalhaesengenharia.com/	http://www.magalhaesengenharia.com/	Pontes e Lacerda - MT	65 99350 0493
DH Solar - Energia Solar Fotovoltaica	(34) 99137-1776	contato@aeqenergiasolar.com.br	mailto: contato@aeqenergiasolar.com.br	http://www.aeqenergiasolar.com.br/	http://www.aeqenergiasolar.com.br/	Iturama - MG	(34) 99692-0447
Gerasolar	(65) 99261-2002	gerasolarsolucoesrenovaveis@gmail.com	mailto: gerasolarsolucoesrenovaveis@gmail.com			Lucas do Rio Verde - MT	
EMSEL EMPRESA DE MATERIAIS E SOLUÇÕES ELÉTRICAS EIRELI	(35) 99231-0099	emselmateriais@gmail.com	mailto: emselmateriais@gmail.com	https://emselenergia.com.br/	https://emselenergia.com.br/	Poços de Caldas - MG	
SUNO ENGENHARIA LTDA	(31) 3939-2579	comercial@sunoengenharia.com	mailto: comercial@sunoengenharia.com	http://www.sunoengenharia.com/	http://www.sunoengenharia.com/	Conselheiro Lafaiete - MG	
PD ENERGY		engenharia@pdenergy.com.br ; samuel@pdenergy.com.br	mailto: engenharia@pdenergy.com.br ; samuel@pdenergy.com.br	http://www.pdenergy.com.br	http://www.pdenergy.com.br/	São José do Rio Pardo - SP	(19) 3681-6200 - WhatsApp
VETORIAL ENGENHARIA	(31) 3892-7882	vetorial@vetorial.eng.br	mailto: vetorial@vetorial.eng.br	http://www.vetorial.eng.br	http://www.vetorial.eng.br/	Viçosa - MG	(31) 99967-1290
FORTFRIO ENERGIA E REFRIGERAÇÃO INDUSTRIAL E COMERCIAL LTDA	(31) 3592-7542		mailto: null	https://fortfrio.com/	https://fortfrio.com/	Betim - MG	(35) 9 9158-6849
AMASOL ENERGIAS RENOVÁVEIS LTDA	(31) 3162-3633	giordano@turontecnologia.com.br	mailto: giordano@turontecnologia.com.br	https://turontecnologia.com.br/	https://turontecnologia.com.br/	Betim - MG	(31) 99585-1159
L&M Solar	(16) 3630-6292	contato@lmsolar.com.br	mailto: contato@lmsolar.com.br	http://www.lmsolar.com.br	http://www.lmsolar.com.br/	Ribeirão Preto - SP	
BLUE ENERGIA SOLAR	(34) 2589-5843	edimilson@blueenergiasolar.com; contato@blueenergiasolar.com	mailto: edimilson@blueenergiasolar.com; contato@blueenergiasolar.com	https://blueenergiasolar.com/	https://blueenergiasolar.com/	Uberlândia - MG	
PRIME SOL SOLUCAO EM ENERGIA LTDA	(22)99041184	contato@primesolenergiasolar.com.br	mailto: contato@primesolenergiasolar.com.br	https://primesolenergiasolar.com.br/	https://primesolenergiasolar.com.br/	Campos dos Goytacazes - RJ	(22) 998789394
FST Soluções em Tecnologia	(22) 2721-6502	marcelo@fsttecnologia.com.br	mailto: marcelo@fsttecnologia.com.br	http://www.fsttecnologia.com.br	http://www.fsttecnologia.com.br/	São João da Barra - RJ	
ME Energia Solar	0800 2993301	contato@meenergia.com.br	mailto: contato@meenergia.com.br	https://www.meenergia.com.br	https://www.meenergia.com.br/	Linhares - ES	(27) 99721-8703
Eletroclima Energia Solar	(99) 98275-7068	athos.r@eletroclimasolar.com.br	mailto: athos.r@eletroclimasolar.com.br	http://www.eletroclimasolar.com.br	http://www.eletroclimasolar.com.br/	Pedreiras - MA	
Techplace Energia	(17) 3324-4409	eng.emanoelabreu@gmail.com	mailto: eng.emanoelabreu@gmail.com			Barretos - SP	
FÊNIX SERVIÇOS EM ENERGIA SOLAR	66 3566 4994	vendas.fenix@servicosfenix.com.br	mailto: vendas.fenix@servicosfenix.com.br	http://www.servicosfenix.com.br	http://www.servicosfenix.com.br/	Juína - MT	
MTEC Energia	(61) 3465-3366	comercial@mtec.eng.br; contato@mtec.eng.br; daniel@mtec.eng.br; josecarlos@mtec.eng.br	mailto: comercial@mtec.eng.br; contato@mtec.eng.br; daniel@mtec.eng.br; josecarlos@mtec.eng.br	http://www.mtecenergia.com.br	http://www.mtecenergia.com.br/	Brasília - DF	
W.L Solar	(61) 982094500	comercial@wlsolar.com.br	mailto: comercial@wlsolar.com.br	http://www.wlsolar.com.br	http://www.wlsolar.com.br/	Brasília - DF	
ME Energia Solar	0800 2993301	contato@meenergia.com.br	mailto: contato@meenergia.com.br	https://www.meenergia.com.br	https://www.meenergia.com.br/	São Mateus - ES	(27) 99721-8703
ALL ENERGY	11 95073-3440	fabiana.allenergy@gmail.com	mailto: fabiana.allenergy@gmail.com			Atibaia - SP	
MARATEC Automação Industrial	(67) 3295-1845	marcio@maratec.com.br ; vendas@maratec.com.br	mailto: marcio@maratec.com.br ; vendas@maratec.com.br			São Gabriel do Oeste - MS	(67) 99962-2862
CYMAZ TECNOLOGIA LTDA	(19)99684-7393	nikolas@cymaz.com.br	mailto: nikolas@cymaz.com.br	https://www.cymaz.com.br/	https://www.cymaz.com.br/	Piracicaba - SP	
JF Energia	(12) 99664-3100	aisla@jfenergiasolar.com	mailto: aisla@jfenergiasolar.com			São José dos Campos - SP	
WSO Energia Solar	84 3211-4401	wso@grupowso.com.br	mailto: wso@grupowso.com.br	http://grupowso.com.br	http://grupowso.com.br/	Natal - RN	
JRL Energia Fotovoltaica LTDA	(32) 98851-7687	solarmigenergia@gmail.com; priscilla.azevedo@solarmig.com.br	mailto: solarmigenergia@gmail.com; priscilla.azevedo@solarmig.com.br	https://www.solarmig.com.br/	https://www.solarmig.com.br/	São João del Rei - MG	(32) 99987-7687
Limersol	(19) 3443-8669	vendas@limersol.com.br	mailto: vendas@limersol.com.br	http://www.limersol.com.br	http://www.limersol.com.br/	Limeira - SP	
SOS SOLAR	(19) 99388-5056	falecom@sossolar.com.br	mailto: falecom@sossolar.com.br			Limeira - SP	
Solig - Energia do Bem	(32) 3939-0590	joaopaulomilagres@gmail.com	mailto: joaopaulomilagres@gmail.com	https://solig.com.br/	https://solig.com.br/	Barbacena - MG	(32) 3939-0374
Decorfios Eletrotécnica Ltda.	(65) 3308-3271	alexandre@decorfios.com.br	mailto: alexandre@decorfios.com.br	http://www.decorfios.com.br	http://www.decorfios.com.br/	Nova Mutum - MT	
MX Energia Solar LTDA		atendimento@mxenergiasolar.com.br	mailto: atendimento@mxenergiasolar.com.br			Teixeira de Freitas - BA	73 99909-0547
EKLOS ENGENHARIA LTDA	27998401719	thiago@eklosengenharia.com.br	mailto: thiago@eklosengenharia.com.br			Vitória - ES	
T Gold Energia Solar	(53) 98408-5039	tgoldenergiasolar07@gmail.com	mailto: tgoldenergiasolar07@gmail.com			Canguçu - RS	(53) 99987-3612
GCP SOLAR	(38) 3672-3108	fabio.pereira@jmfengenharia.com.br	mailto: fabio.pereira@jmfengenharia.com.br	https://www.gcpsolar.com.br/	https://www.gcpsolar.com.br/	Paracatu - MG	(38) 3671-8537
Solucionar Engenharia LTDA	(33) 3634-0470	contato@solucionareng.com.br	mailto: contato@solucionareng.com.br	http://www.solucionareng.com.br	http://www.solucionareng.com.br/	Sardoá - MG	(33) 98804-2750
ABP ENGENHARIA E SOLUCOES EM ENERGIA LTDA	12 98117 9772	gustavo.pazzine@abpsolar.com.br	mailto: gustavo.pazzine@abpsolar.com.br			Taubaté - SP	
Ative Engenharia LTDA	2732281947	ative@ativeengenharia.com.br	mailto: ative@ativeengenharia.com.br			Serra - ES	
Ideal Comércio e Serviços de Coberturas	19 32812587	producao@idealcoberturas.com.br	mailto: producao@idealcoberturas.com.br			Araras - SP	
YELLOT MOB	62 36381006	atendimento@yellotmob.com.br ; Pedro@yellot.com.br	mailto: atendimento@yellotmob.com.br ; Pedro@yellot.com.br	http://www.yellotmob.com.br	http://www.yellotmob.com.br/	Goiânia - GO	(62) 98571-3581
Da Roz Eletricidade	19 35736900	fotovoltaico@darozeletriciade.com.br	mailto: fotovoltaico@darozeletriciade.com.br			Leme - SP	
Sol Tech	(64) 9 9916-3636	sol@soltech.net.br	mailto: sol@soltech.net.br	https://soltech.net.br/	https://soltech.net.br/	São Luís de Montes Belos - GO	
ARMS SERVICOS E CONSTRUCOES	(27)99928-2223		mailto: null			Linhares - ES	
Aliança Energia Solar	(66) 3531-2218	financeiro@aliancaconstrucoes.com.br	mailto: financeiro@aliancaconstrucoes.com.br	http://www.aliancaconstrucoes.com.br	http://www.aliancaconstrucoes.com.br/	Sinop - MT	
Volts Service Energia Solar	(66) 98474-1300	volts.financeiro@gmail.com	mailto: volts.financeiro@gmail.com	https://www.voltsservice.com.br/	https://www.voltsservice.com.br/	Sinop - MT	
Eima Materiais Elétricos LTDA	(37) 3237-6355	vendas10@eima.com.br	mailto: vendas10@eima.com.br	http://www.eima.com.br	http://www.eima.com.br/	Pará de Minas - MG	
Cambaúva Engenharia Elétrica	(67) 3254-1603	cambauva@outlook.com.br	mailto: cambauva@outlook.com.br			Sonora - MS	
ROMASOL ENGENHARIA E ENERGIA SOLAR.	(34) 3227-3777	marcosprado@romasolengenharia.com.br	mailto: marcosprado@romasolengenharia.com.br	https://www.romasolengenharia.com.br	https://www.romasolengenharia.com.br/	Uberlândia - MG	(34) 99778-3777
COMETA ENERGY LTDA	(19)98161-4075	vanildo@cometaenergy.com.br	mailto: vanildo@cometaenergy.com.br			São João da Boa Vista - SP	
Ultra Solar	3083-7738	contato@energiaultrasolar.com.br	mailto: contato@energiaultrasolar.com.br	http://www.energiaultrasolar.com.br	http://www.energiaultrasolar.com.br/	Brasília - DF	
J.N.T INST. ELETRO-ELETRÔNICA LTDA	(31) 3774-4350	jnt@jnteletrica.com.br	mailto: jnt@jnteletrica.com.br	http://www.jntenergiasolar.com.br	http://www.jntenergiasolar.com.br/	Sete Lagoas - MG	
CAMPO SOLAR	(65) 3325-1262	vendas@camposolar.eco.br	mailto: vendas@camposolar.eco.br	http://www.camposolar.eco.br	http://www.camposolar.eco.br/	Tangará da Serra - MT	
J2R Energia Solar	(66) 3022-4088	contatos@j2renergia.com.br ; j2renergia@gmail.com	mailto: contatos@j2renergia.com.br ; j2renergia@gmail.com	http://www.j2renergia.com.br	http://www.j2renergia.com.br/	Rondonópolis - MT	(66) 99204-0094
UNISOLAR ENGENHARIA	(67) 9 9846-3583	contato.unisolar@gmail.com	mailto: contato.unisolar@gmail.com	https://www.instagram.com/unisolar_engenharia/	https://www.instagram.com/unisolar_engenharia/	Eldorado - MS	
ENERTELLES ENERGIA SOLAR	(17) 31510256	enertelles@gmail.com	mailto: enertelles@gmail.com			Catanduva - SP	(17) 99718-7407
Green House Energia Solar Belém	91 3015-4433	finananceiro01@energiasolarbelem.com	mailto: finananceiro01@energiasolarbelem.com			Belém - PA	
F&F ENERGIA LTDA	(31)99952-3003	comercial@grupofif.com.br	mailto: comercial@grupofif.com.br			Ipatinga - MG	(31)99702-2802
Happy Solar		atendimentohappysolar@gmail.com	mailto: atendimentohappysolar@gmail.com	http://happysolar.com.br	http://happysolar.com.br/	Petrolina - PE	87991646718
Spark Soluções em Engenharia Elétrica LTDA	16 992807656	adm@sparkeng.com.br	mailto: adm@sparkeng.com.br			Pitangueiras - SP	16 992807656
Virasolar	(17) 99121-1072	virasolarweg@gmail.com	mailto: virasolarweg@gmail.com			Pitangueiras - SP	
ANDOVER SOLAR	(33) 98760-4718	andoversolar@gmail.com	mailto: andoversolar@gmail.com			Inhapim - MG	(33) 98760-4718
Virasolar	(17) 99201-0186	wegvirasolar@gmail.com	mailto: wegvirasolar@gmail.com			Viradouro - SP	
DIN ENERGIA	94 99199-2568	megasolenergiapa@gmail.com	mailto: megasolenergiapa@gmail.com			Xinguara - PA	94 99177-7365
TITAN ENERGIA SOLAR	(27)99929-3376	titanenergiasolar@gmail.com	mailto: titanenergiasolar@gmail.com			Santa Maria de Jetibá - ES	(27)99929-3376
ELEVE SOLAR	(27) 99730-5384	eleveenergiasolar@gmail.com	mailto: eleveenergiasolar@gmail.com	https://www.eleveenergiasolar.com.br	https://www.eleveenergiasolar.com.br/	Vila Velha - ES	
imPRO Energia	(27) 3534-5211	adm@improgroup.com.br	mailto: adm@improgroup.com.br	https://improenergia.com.br/	https://improenergia.com.br/	Vitória - ES	
Ecológica Solar	(62) 3087-7714	contato@ecologicaclima.com.br	mailto: contato@ecologicaclima.com.br	http://ecologicaclima.com.br	http://ecologicaclima.com.br/	Goiânia - GO	
Solarchio	(77) 3422-4616		mailto: null	http://www.solarchio.com.br	http://www.solarchio.com.br/	Vitória da Conquista - BA	
Ocenergia Materiais Elétricos	(65) 99618-0250	comercial@ocenergiasolar.com.br	mailto: comercial@ocenergiasolar.com.br	https://www.ocenergiasolar.com.br/	https://www.ocenergiasolar.com.br/	Barra do Bugres - MT	
ELETROLIMA	(67) 9 9690-6950	mateuslimacpo777@gmail.com	mailto: mateuslimacpo777@gmail.com	https://www.instagram.com/eletronlimacpo/	https://www.instagram.com/eletronlimacpo/	Caarapó - MS	
Unisolar	(17) 3641-1045	unisolar@unisolarenergias.com.br	mailto: unisolar@unisolarenergias.com.br	http://www.unisolarenergias.com.br	http://www.unisolarenergias.com.br/	Santa Fé do Sul - SP	
GCM ENERGIA SOLAR	3336410808	compras@gcmenergiasolar.com.br	mailto: compras@gcmenergiasolar.com.br			Teófilo Otoni - MG	33998200808
Tudo Solar	(99)3621 7138	jorge@ohms-ma.com	mailto: jorge@ohms-ma.com	http://ohms-tudosolar.com.br	http://ohms-tudosolar.com.br/	Bacabal - MA	
See Energia	(61) 98364-8441	contato@see-energia.com	mailto: contato@see-energia.com	http://www.see-energia.com	http://www.see-energia.com/	Brasília - DF	
FONTES SOLUÇÕES DE ENGENHARIA		nicolaufontes@yellowgreenbr.com.br	mailto: nicolaufontes@yellowgreenbr.com.br	https://www.yellowgreenbr.com.br/	https://www.yellowgreenbr.com.br/	Jardim de Piranhas - RN	
MARFE - COMÉRCIO DE MATERIAIS ELÉTRICOS E ILUMINAÇÃO EIRELI - EPP	(37) 3244-1523	marfeeletrica.compras@gmail.com	mailto: marfeeletrica.compras@gmail.com	http://www.lojasmarfe.com.br	http://www.lojasmarfe.com.br/	Carmo do Cajuru - MG	(37) 3244-3840
Servant Serviços de Elétrica	13 30432649	marco@servantenergia.com.br	mailto: marco@servantenergia.com.br			São Vicente - SP	
Engesolver	(13) 9.8154-6698	comercial@engesolver.com	mailto: comercial@engesolver.com %C2%A0 %C2%A0 %C2%A0	http://www.engesolver.com.br	http://www.engesolver.com.br/	Santos - SP	
C G Solar	66 99601-7352	glaubergiordani@hotmail.com	mailto: glaubergiordani@hotmail.com			Tapurah - MT	
NORDESTE ENERGIAS RENOVAVEIS	(86) 9928-8685		mailto: null			Parnaíba - PI	
Eletronop	(66) 3531-0441	energiasolar@eletronop.com.br	mailto: energiasolar@eletronop.com.br	http://www.eletronop.com.br	http://www.eletronop.com.br/	Sinop - MT	
ELB INSTALAÇÕES ELETRICAS	(66) 99955 4358	financeiro.elbengenharia@gmail.com	mailto: financeiro.elbengenharia@gmail.com			Sinop - MT	(66) 99955 4358
SOL ATITUDE SOLUCOES EM ENERGIA LTDA	(11) 4280-3245	contato@solatitude.com.br	mailto: contato@solatitude.com.br	https://solatitude.com.br/	https://solatitude.com.br/	São Paulo - SP	
TRIVELATO INDUSTRIA DE GERADORES LTDA ME	(34) 3213-6464	comercial@trivellatoenergiarenovavel.com.br	mailto: comercial@trivellatoenergiarenovavel.com.br	http://www.trivellatoenergiarenovavel.com.br	http://www.trivellatoenergiarenovavel.com.br/	Uberlândia - MG	(34) 99135-0559
INSOL ENERGIA, SOLUÇÕES EM ENGENHARIA E ENERGIA EIRELI	(31) 3191-1880	gustavo@insolenergia.com.br	mailto: gustavo@insolenergia.com.br	https://insolenergia.com.br/	https://insolenergia.com.br/	Belo Horizonte - MG	(31) 98743-2419
SOLALUX ENERGIA SOLAR	(92)3088-5510	solalux@outlook.com.br	mailto: solalux@outlook.com.br			Manaus - AM	
Itamaraju Elétrica	(73) 3294-3138	atendimento@ainstaladora.net	mailto: atendimento@ainstaladora.net	http://www.ainstaladora.net	http://www.ainstaladora.net/	Itamaraju - BA	
Estação Solar	(86) 3305-1509		mailto: null	http://www.estacaosolar.eco.br	http://www.estacaosolar.eco.br/	Teresina - PI	(86) 999450033
Ative Energia Solar	(83) 98231-2676	vendas@ativeenergiasolar.com.br	mailto: vendas@ativeenergiasolar.com.br	http://www.ativeenergiasolar.com.br	http://www.ativeenergiasolar.com.br/	Aparecida - PB	
RESO COMERCIO ENGENHARIA E SERVICOS LTDA	(11)98853-8645	comercial@gruporeso.com.br	mailto: comercial@gruporeso.com.br			Jundiaí - SP	
GRUPO R ENERGIA SOLAR	(67) 9 9323-1065	grupoRsolar@gmail.com	mailto: grupoRsolar@gmail.com	https://gruporenergiasolar.com/	https://gruporenergiasolar.com/	Camapuã - MS	(67) 9 9953-7090
SmartSun Solar	(83) 4009-9010	contato@smartsun.solar	mailto: contato@smartsun.solar	http://smartsun.solar/	http://smartsun.solar/	João Pessoa - PB	(83) 4009-9010
M P SOLAR COMERCIAL LTDA	(33) 3321-3855	manoelpereiracosta@hotmail.com	mailto: manoelpereiracosta@hotmail.com	http://www.mpsolar.com.br/	http://www.mpsolar.com.br/	Caratinga - MG	(33) 3322-1371
KW DO SOL ENERGIA LIMPA LTDA	(12) 3197-0957	fale@kwdosol.com.br	mailto: fale@kwdosol.com.br	http://www.kwdosol.com.br	http://www.kwdosol.com.br/	São José dos Campos - SP	
Taldi Indústria, Serviços e incorporações Ltda	(84) 99135-6781	comercial@taldi.com.br	mailto: comercial@taldi.com.br	http://www.taldi.com.br	http://www.taldi.com.br/	Mossoró - RN	
DZ Materiais Elétricos	(45) 3220-9400	ronaldo@eletricadz.com.br	mailto: ronaldo@eletricadz.com.br	http://eletricadz.com.br	http://eletricadz.com.br/	Cascavel - PR	
Novabrico Indústria e Comércio de Energia	19 34423705	contato@novabrico.com.br	mailto: contato@novabrico.com.br			Limeira - SP	
ValeEco	(12) 99153-0535		mailto: null	http://www.valeeco.com.br	http://www.valeeco.com.br/	Caçapava - SP	
Volten	19 981313143	volten@volten.com.br	mailto: volten@volten.com.br			Rio Claro - SP	
L R Soluções Elétricas	(82) 99931-1830	engenharialrsolar@gmail.com	mailto: engenharialrsolar@gmail.com	https://lrsolucoeseletricas.com/	https://lrsolucoeseletricas.com/	Arapiraca - AL	
Eletromática	(64)3474-1564	eletromaticaorizona@hotmail.com	mailto: eletromaticaorizona@hotmail.com	http://www.eletromatica.com.br	http://www.eletromatica.com.br/	Orizona - GO	
ANDRADE AUTOMAÇÃO E MATERIAL ELÉTRICO LTDA	(27) 3721-7516	administracao@andradeautomacao.com.br	mailto: administracao@andradeautomacao.com.br			Colatina - ES	(27) 99978-3143
Eletrosystem Tecnologia e Energia	62 3253 1400	wesley@eletrosystem.com	mailto: wesley@eletrosystem.com			Goiânia - GO	
MR WATTS ENGENHARIA	(62) 9 9945-1409	comercial@mrwatts.com.br	mailto: comercial@mrwatts.com.br			Goiânia - GO	
ILIKE ENERGIA SOLAR LTDA	(11) 989548985	contato@ilikeenergiasolar.com.br	mailto: contato@ilikeenergiasolar.com.br	http://www.ilikeenergiasolar.com.br	http://www.ilikeenergiasolar.com.br/	São Paulo - SP	
Suisun Energia Limpa	(63) 3323-6238	suisun@suisun.com.br	mailto: suisun@suisun.com.br	http://www.suisun.com.br	http://www.suisun.com.br/	Palmas - TO	(63) 9 9209-3038
Protemax	(63) 99210-3767	Protemax2018@gmail.com	mailto: Protemax2018@gmail.com			Paraíso do Tocantins - TO	
Telcar Energy	(61) 3346-1036	contato@telcardf.com.br	mailto: contato@telcardf.com.br			Brasília - DF	
TWR Energia Solar	(61) 99606-1717	twr@twrenergia.com.br	mailto: twr@twrenergia.com.br	http://www.twrenergiasolar.com.br	http://www.twrenergiasolar.com.br/	Brasília - DF	
ACH COMERCIO IMPORTACAO E EXPORTACAO LTDA	(69) 99977-4094	agnaldo@agromotores.com.br	mailto: agnaldo@agromotores.com.br			Porto Velho - RO	
Módulo Energia	(61) 3053-0300	contato@moduloenergia.com	mailto: contato@moduloenergia.com	https://moduloenergia.com/	https://moduloenergia.com/	Brasília - DF	
Pronto Solar Ltda	16 997506268	contato@prontosolar.com.br	mailto: contato@prontosolar.com.br			Matão - SP	16 993239699
Nortão Energia Solar	(66) 99209-3001	nortaoenergiasolar@gmail.com	mailto: nortaoenergiasolar@gmail.com	https://nortaoenergiasolar.com.br/	https://nortaoenergiasolar.com.br/	Alta Floresta - MT	
LINSELETRICA LTDA	(85) 3535-7177	adm@iseletrica.com.br	mailto: adm@iseletrica.com.br	http://www.iseletrica.com.br	http://www.iseletrica.com.br/	Fortaleza - CE	(85) 9 9972-1812
SH Soluções tecnologia	91 3015-9958	contato@sunnyhouse.com.br	mailto: contato@sunnyhouse.com.br	http://www.sunnyhouse.com.br	http://www.sunnyhouse.com.br/	Belém - PA	
CONEX ENGENHARIA LTDA	(87) 99119-4344	comercial.conexengenharia@gmail.com	mailto: comercial.conexengenharia@gmail.com	https://conexsolar.com.br/	https://conexsolar.com.br/	Petrolina - PE	
SOLAREL	87 3831-1066	comercial@solarel.com.br	mailto: comercial@solarel.com.br	http://solarel.com.br	http://solarel.com.br/	Serra Talhada - PE	
IMPERIAL ELÉTRICA SOLAR	(88) 99623-6105	imperial.eletrica@hotmail.com	mailto: imperial.eletrica@hotmail.com			Barbalha - CE	
MATRIX	(94) 99132-6538	junio.matrix@gmail.com	mailto: junio.matrix@gmail.com	https://www.instagram.com/_matrix.informatica	https://www.instagram.com/_matrix.informatica	Marabá - PA	(94) 3322-1251
Ulian Engenharia	(65) 3251-2439	vinicius@ulianengenharia.com.br	mailto: vinicius@ulianengenharia.com.br			São José dos Quatro Marcos - MT	
EMPROTEC	(81) 3036-4050	assistec@emprotec.com.br	mailto: assistec@emprotec.com.br	https://www.emprotec.com.br	https://www.emprotec.com.br/	Recife - PE	(81) 3036-4055
Agromotores Máquinas e Implementos Ltda	(69) 3211-3400	agromotores@agromotores.com.br	mailto: agromotores@agromotores.com.br	http://www.agromotores.com.br	http://www.agromotores.com.br/	Porto Velho - RO	
Grupo Kaio Cesar	(84) 9 9630-1252	comercial@kaiocesarengenharia.com	mailto: comercial@kaiocesarengenharia.com	https://grupokaiocesar.com.br/	https://grupokaiocesar.com.br/	Currais Novos - RN	
Seletron Energia Solar Ltda	98 98534-6655	seletronseguranca@hotmail.com	mailto: seletronseguranca@hotmail.com	http://www.seletronenergia.com.br	http://www.seletronenergia.com.br/	São Luís - MA	
Axioma Energia Solar LTDA	(85) 99806-2621	axiomaenergiasolar@gmail.com	mailto: axiomaenergiasolar@gmail.com	https://www.axiomaenergiasolar.com.br/	https://www.axiomaenergiasolar.com.br/	Fortaleza - CE	
Verdi Comércio de Materiais	(87) 3835-6351	comercial@verdisolar.com.br	mailto: comercial@verdisolar.com.br	http://www.verdisolar.com.br	http://www.verdisolar.com.br/	Pesqueira - PE	(87) 9190-7207
TIMAS ENGENHARIA E ENERGIA SOLAR LTDA	(65) 9 9613-9680	contato@timasengenharia.com.br	mailto: contato@timasengenharia.com.br	https://www.instagram.com/timasengenhariaesolucoes/	https://www.instagram.com/timasengenhariaesolucoes/	Arenápolis - MT	
